<?xml version="1.0" encoding="UTF-8"?>
<project-private xmlns="http://www.netbeans.org/ns/project-private/1">
    <editor-bookmarks xmlns="http://www.netbeans.org/ns/editor-bookmarks/2" lastBookmarkId="0"/>
    <open-files xmlns="http://www.netbeans.org/ns/projectui-open-files/2">
        <group>
            <file>file:/home/alexandre/NetBeansProjects/DisplayDigital/src/LedDisplay.java</file>
            <file>file:/home/alexandre/NetBeansProjects/DisplayDigital/src/DisplayDigital.java</file>
            <file>file:/home/alexandre/NetBeansProjects/DisplayDigital/src/DisplayDigitalWindow.java</file>
        </group>
        <group name="Algoritmos">
            <file>file:/home/alexandre/NetBeansProjects/DisplayDigital/src/DisplayDigital.java</file>
        </group>
    </open-files>
</project-private>
